<project xmlns="http://maven.apache.org/POM/4.0.0" xmlns:xsi="http://www.w3.org/2001/XMLSchema-instance" xsi:schemaLocation="http://maven.apache.org/POM/4.0.0 http://maven.apache.org/xsd/maven-4.0.0.xsd">

  <properties>
    <app.repo>${project.baseUri}../data/repos/app/</app.repo>
    <platform.repo>${project.baseUri}../data/repos/platform/</platform.repo>
    <sdk.dir>${project.basedir}/..</sdk.dir>
    <maven.deploy.skip>true</maven.deploy.skip>
    <app.name></app.name>
  </properties>
  <!--var app.repo is supplied by inheritors. mvn has dynamic var binding not lexical.-->
  <repositories>
    <repository>
      <id>platform.repo</id>
      <name>platform</name>
      <url>${platform.repo}</url>
      <releases>
        <enabled>true</enabled>
        <updatePolicy>always</updatePolicy>
      </releases>
      <snapshots>
        <enabled>true</enabled>
        <updatePolicy>always</updatePolicy>
      </snapshots>
    </repository>
    <repository>
      <id>app.repo</id>
      <name>app</name>
      <url>${app.repo}</url>
      <releases>
        <enabled>true</enabled>
        <updatePolicy>always</updatePolicy>
      </releases>
      <snapshots>
        <enabled>true</enabled>
        <updatePolicy>always</updatePolicy>
      </snapshots>
    </repository>
  </repositories>

  <modelVersion>4.0.0</modelVersion>
  <groupId>SwirldsDemos</groupId>
  <artifactId>SwirldsDemosParent</artifactId>
  <version>0.0.1-SNAPSHOT</version>
  <packaging>pom</packaging>

  <build>
    <sourceDirectory>src</sourceDirectory>
    <plugins>
      <plugin>
        <artifactId>maven-compiler-plugin</artifactId>
        <version>3.6.0</version>
        <configuration>
          <source>1.8</source>
          <target>1.8</target>
        </configuration>
      </plugin>
      <plugin>
        <groupId>org.apache.maven.plugins</groupId>
        <artifactId>maven-dependency-plugin</artifactId>
        <version>3.0.0</version>
        <executions>
          <execution>
            <id>copy</id>
            <phase>install</phase>
            <goals><goal>copy</goal></goals>
          </execution>
          <execution>
            <id>copy-dependencies</id>
            <phase>install</phase>
            <goals><goal>copy-dependencies</goal></goals>
          </execution>
        </executions>
        <configuration>
          <artifactItems>
            <artifactItem>
              <groupId>SwirldsPlatform</groupId>
              <artifactId>platform</artifactId>
              <version>0.0.1-SNAPSHOT</version>
              <destFileName>swirlds.jar</destFileName>
              <outputDirectory>${sdk.dir}</outputDirectory>
            </artifactItem>
            <artifactItem>
              <groupId>${project.groupId}</groupId>
              <artifactId>${project.artifactId}</artifactId>
              <version>${project.version}</version>
              <type>${project.packaging}</type>
              <destFileName>${project.artifactId}.${project.packaging}</destFileName>
              <outputDirectory>${sdk.dir}/data/apps/</outputDirectory>
            </artifactItem>
          </artifactItems>
          <outputDirectory>${sdk.dir}/data/lib</outputDirectory>
          <excludeArtifactIds>platform</excludeArtifactIds>
        </configuration>
      </plugin>
      <plugin>
        <groupId>org.apache.maven.plugins</groupId>
        <artifactId>maven-jar-plugin</artifactId>
        <version>2.3.2</version>
        <configuration>
          <archive>
            <manifest>
              <mainClass>${app.name}Main</mainClass>
            </manifest>
          </archive>
        </configuration>
      </plugin>
    </plugins>
  </build>

  <dependencies>
    <dependency>
      <groupId>SwirldsPlatform</groupId>
      <artifactId>platform</artifactId>
      <version>0.0.1-SNAPSHOT</version>
    </dependency>
  </dependencies>

</project>
