<?xml version="1.0" encoding="UTF-8"?>
<metadata modelVersion="1.1.0">
  <groupId>SwirldsPlatform</groupId>
  <artifactId>fcfs-dep-fasl</artifactId>
  <version>0.0.1-SNAPSHOT</version>
  <versioning>
    <snapshot>
      <timestamp>20170915.114208</timestamp>
      <buildNumber>1</buildNumber>
    </snapshot>
    <lastUpdated>20170915114208</lastUpdated>
    <snapshotVersions>
      <snapshotVersion>
        <extension>jar</extension>
        <value>0.0.1-20170915.114208-1</value>
        <updated>20170915114208</updated>
      </snapshotVersion>
      <snapshotVersion>
        <extension>pom</extension>
        <value>0.0.1-20170915.114208-1</value>
        <updated>20170915114208</updated>
      </snapshotVersion>
    </snapshotVersions>
  </versioning>
</metadata>
