<?xml version="1.0" encoding="UTF-8"?>
<metadata modelVersion="1.1.0">
  <groupId>SwirldsPlatform</groupId>
  <artifactId>abcl-swirlds</artifactId>
  <version>0.0.1-SNAPSHOT</version>
  <versioning>
    <snapshot>
      <timestamp>20161220.100616</timestamp>
      <buildNumber>1</buildNumber>
    </snapshot>
    <lastUpdated>20161220100616</lastUpdated>
    <snapshotVersions>
      <snapshotVersion>
        <extension>jar</extension>
        <value>0.0.1-20161220.100616-1</value>
        <updated>20161220100616</updated>
      </snapshotVersion>
      <snapshotVersion>
        <extension>pom</extension>
        <value>0.0.1-20161220.100616-1</value>
        <updated>20161220100616</updated>
      </snapshotVersion>
    </snapshotVersions>
  </versioning>
</metadata>
