<?xml version="1.0" encoding="UTF-8"?>
<metadata modelVersion="1.1.0">
  <groupId>SwirldsPlatform</groupId>
  <artifactId>fc-parent</artifactId>
  <version>0.0.1-SNAPSHOT</version>
  <versioning>
    <snapshot>
      <timestamp>20170915.114202</timestamp>
      <buildNumber>1</buildNumber>
    </snapshot>
    <lastUpdated>20170915114202</lastUpdated>
    <snapshotVersions>
      <snapshotVersion>
        <extension>pom</extension>
        <value>0.0.1-20170915.114202-1</value>
        <updated>20170915114202</updated>
      </snapshotVersion>
    </snapshotVersions>
  </versioning>
</metadata>
